{"job_search_IT": {"59073208@N08": 0.2857142857142857, "35361836@N00": -0.14285714285714285, "18468763@N00": 0.42857142857142855, "70317244@N00": 1.1428571428571428, "8281328@N03": 0.8571428571428571, "74738073@N00": 1.4285714285714286, "34427466510@N01": 0.7142857142857143, "11542509@N00": 0.8571428571428571, "38517504@N00": 0.8571428571428571, "46487806@N08": 0.5714285714285714, "15685876@N00": 0.8571428571428571, "29045663@N04": 0.7142857142857143, "7961121@N04": 0.8571428571428571, "33372350@N07": 0.0, "26476389@N02": 0.42857142857142855, "64334309@N00": -0.2857142857142857, "64751997@N06": -0.14285714285714285, "94988625@N00": 0.7142857142857143, "84068301@N00": 0.42857142857142855, "22043318@N00": 0.5714285714285714, "83733325@N00": 0.5714285714285714, "23768558@N04": 0.5, "95841855@N00": 0.42857142857142855, "51757533@N00": 0.7142857142857143, "77935962@N00": 0.0, "7911584@N03": 0.5714285714285714, "28917310@N03": 1.5714285714285714, "63717805@N05": 0.8571428571428571, "53655112@N00": -0.2857142857142857, "52219226@N04": 0.5714285714285714, "24743802@N07": 0.2857142857142857, "7976350@N07": 2.0, "85213049@N00": 0.2857142857142857, "63303870@N00": 0.14285714285714285, "10128633@N07": -0.2857142857142857, "28490141@N03": 0.2857142857142857, "20765888@N04": 0.42857142857142855, "48735455@N00": 0.2857142857142857, "80719942@N00": 1.1428571428571428, "84097316@N00": 0.8571428571428571, "72421266@N00": 0.42857142857142855, "31122730@N05": 0.2857142857142857, "32170948@N08": 0.0, "12621630@N05": 0.7142857142857143, "85967538@N06": -0.42857142857142855, "36382844@N00": 0.25, "65977087@N00": 0.7142857142857143, "44863905@N00": 0.42857142857142855, "66090527@N08": 0.0, "8404611@N06": 0.0, "97705886@N00": 0.42857142857142855, "43029859@N02": 0.14285714285714285, "46212275@N00": -0.5714285714285714, "69072483@N00": 0.5714285714285714, "50394729@N00": 0.42857142857142855, "70172955@N00": 0.2857142857142857, "9021833@N06": 0.7142857142857143, "37457154@N02": 0.14285714285714285, "37996580043@N01": 0.5714285714285714, "24172628@N08": 0.14285714285714285, "37183694@N00": 0.14285714285714285, "58827557@N06": 0.42857142857142855, "52756090@N05": -0.14285714285714285, "36002603@N00": 0.8571428571428571, "48763139@N00": 1.0, "13891036@N07": 0.42857142857142855, "89495020@N00": 0.14285714285714285, "35989785@N00": 0.14285714285714285, "30940619@N05": 1.0, "86391067@N00": -0.2857142857142857, "14805648@N00": 0.0, "27539972@N07": 0.7142857142857143, "82173624@N00": 0.2857142857142857, "49457106@N00": 0.42857142857142855, "31932603@N00": 1.1428571428571428, "23028720@N00": 0.7142857142857143, "42941795@N00": 0.42857142857142855, "50519631@N03": -0.14285714285714285, "7682911@N05": 0.42857142857142855, "75026831@N00": 0.5714285714285714, "57667389@N02": 0.14285714285714285, "89386169@N00": 0.8571428571428571, "37078731@N06": 0.5714285714285714, "81395338@N00": 0.8571428571428571, "14541918@N06": 0.2857142857142857, "21933992@N00": 0.14285714285714285, "51035702270@N01": -0.42857142857142855, "47327682@N00": 0.2857142857142857, "38501716@N08": 0.5714285714285714, "67478016@N00": 0.14285714285714285, "52146651@N05": 0.8571428571428571, "34087769@N06": -0.2857142857142857, "63474264@N00": 1.1428571428571428, "74233090@N00": 0.7142857142857143, "62961837@N00": 0.42857142857142855, "67832712@N00": 0.2857142857142857, "86978295@N00": -0.2857142857142857, "76404534@N00": 1.1428571428571428, "24638902@N03": -0.14285714285714285}, "bank_credit": {"59073208@N08": 0.8571428571428571, "35361836@N00": 0.14285714285714285, "18468763@N00": 0.14285714285714285, "70317244@N00": 0.7142857142857143, "8281328@N03": 0.5714285714285714, "74738073@N00": 1.0, "34427466510@N01": 0.7142857142857143, "11542509@N00": 1.0, "38517504@N00": 0.42857142857142855, "46487806@N08": 0.2857142857142857, "15685876@N00": 1.1428571428571428, "29045663@N04": 0.5714285714285714, "7961121@N04": 0.8571428571428571, "33372350@N07": -0.14285714285714285, "26476389@N02": 0.2857142857142857, "64334309@N00": 0.0, "64751997@N06": -0.2857142857142857, "94988625@N00": 0.14285714285714285, "84068301@N00": 0.42857142857142855, "22043318@N00": 0.8571428571428571, "83733325@N00": 0.7142857142857143, "23768558@N04": 0.625, "95841855@N00": 0.14285714285714285, "51757533@N00": -0.42857142857142855, "77935962@N00": -0.2857142857142857, "7911584@N03": 0.2857142857142857, "28917310@N03": 1.4285714285714286, "63717805@N05": 0.5714285714285714, "53655112@N00": -0.5714285714285714, "52219226@N04": 0.42857142857142855, "24743802@N07": 0.14285714285714285, "7976350@N07": 1.0, "85213049@N00": -0.2857142857142857, "63303870@N00": 0.14285714285714285, "10128633@N07": -0.7142857142857143, "28490141@N03": 0.0, "20765888@N04": 0.42857142857142855, "48735455@N00": -0.5714285714285714, "80719942@N00": 0.8571428571428571, "84097316@N00": 0.0, "72421266@N00": -0.14285714285714285, "31122730@N05": 0.0, "32170948@N08": -0.42857142857142855, "12621630@N05": 0.8571428571428571, "85967538@N06": -0.2857142857142857, "36382844@N00": -0.25, "65977087@N00": 0.42857142857142855, "44863905@N00": 0.8571428571428571, "66090527@N08": -0.42857142857142855, "8404611@N06": 0.0, "97705886@N00": 0.2857142857142857, "43029859@N02": -0.14285714285714285, "46212275@N00": -0.5714285714285714, "69072483@N00": 0.42857142857142855, "50394729@N00": 0.5714285714285714, "70172955@N00": 0.2857142857142857, "9021833@N06": 0.42857142857142855, "37457154@N02": -0.2857142857142857, "37996580043@N01": -0.14285714285714285, "24172628@N08": 0.5714285714285714, "37183694@N00": 0.42857142857142855, "58827557@N06": 0.2857142857142857, "52756090@N05": -0.8571428571428571, "36002603@N00": 0.5714285714285714, "48763139@N00": 0.5714285714285714, "13891036@N07": 0.2857142857142857, "89495020@N00": -0.14285714285714285, "35989785@N00": -0.14285714285714285, "30940619@N05": 0.8571428571428571, "86391067@N00": -1.2857142857142858, "14805648@N00": -0.2857142857142857, "27539972@N07": 0.2857142857142857, "82173624@N00": 0.14285714285714285, "49457106@N00": 0.14285714285714285, "31932603@N00": 0.14285714285714285, "23028720@N00": 0.7142857142857143, "42941795@N00": 0.2857142857142857, "50519631@N03": -1.0, "7682911@N05": 0.2857142857142857, "75026831@N00": 0.42857142857142855, "57667389@N02": -0.5714285714285714, "89386169@N00": 0.8571428571428571, "37078731@N06": 0.5714285714285714, "81395338@N00": 0.5714285714285714, "14541918@N06": -0.14285714285714285, "21933992@N00": -0.14285714285714285, "51035702270@N01": -0.7142857142857143, "47327682@N00": 0.5714285714285714, "38501716@N08": -0.7142857142857143, "67478016@N00": 0.0, "52146651@N05": 0.7142857142857143, "34087769@N06": -0.8571428571428571, "63474264@N00": 1.4285714285714286, "74233090@N00": 0.14285714285714285, "62961837@N00": -0.2857142857142857, "67832712@N00": -0.2857142857142857, "86978295@N00": -0.14285714285714285, "76404534@N00": 0.8571428571428571, "24638902@N03": 0.0}, "job_search_waiter_waitress": {"59073208@N08": 0.7142857142857143, "35361836@N00": 1.0, "18468763@N00": 0.5714285714285714, "70317244@N00": 0.14285714285714285, "8281328@N03": -0.14285714285714285, "74738073@N00": 0.5714285714285714, "34427466510@N01": 1.0, "11542509@N00": 1.1428571428571428, "38517504@N00": 0.14285714285714285, "46487806@N08": 0.42857142857142855, "15685876@N00": 0.42857142857142855, "29045663@N04": 1.1428571428571428, "7961121@N04": 0.7142857142857143, "33372350@N07": 1.4285714285714286, "26476389@N02": 0.0, "64334309@N00": -1.0, "64751997@N06": 1.4285714285714286, "94988625@N00": 0.0, "84068301@N00": 0.7142857142857143, "22043318@N00": 0.7142857142857143, "83733325@N00": -0.5714285714285714, "23768558@N04": 0.625, "95841855@N00": 0.42857142857142855, "51757533@N00": 0.14285714285714285, "77935962@N00": 0.5714285714285714, "7911584@N03": 0.5714285714285714, "28917310@N03": 0.42857142857142855, "63717805@N05": 0.5714285714285714, "53655112@N00": 0.7142857142857143, "52219226@N04": 1.0, "24743802@N07": 1.1428571428571428,