{"job_search_IT": {"59073208@N08": -0.1310427913218053, "35361836@N00": -0.5253041000825107, "18468763@N00": 0.00037764493176316104, "70317244@N00": 0.6574798261996057, "8281328@N03": 0.39463895369246854, "74738073@N00": 0.9203206987067424, "34427466510@N01": 0.26321851743890007, "11542509@N00": 0.3946389536924685, "38517504@N00": 0.39463895369246854, "46487806@N08": 0.1317980811853316, "15685876@N00": 0.39463895369246854, "29045663@N04": 0.26321851743890007, "7961121@N04": 0.3946389536924685, "33372350@N07": -0.39388366382894224, "26476389@N02": 0.0003776449317631452, "64334309@N00": -0.6567245363360791, "64751997@N06": -0.5253041000825107, "94988625@N00": 0.26321851743890007, "84068301@N00": 0.00037764493176318484, "22043318@N00": 0.1317980811853316, "83733325@N00": 0.13179808118533162, "23768558@N04": 0.06608786305854736, "95841855@N00": 0.00037764493176318484, "51757533@N00": 0.26321851743890007, "77935962@N00": -0.39388366382894224, "7911584@N03": 0.13179808118533157, "28917310@N03": 1.0517411349603107, "63717805@N05": 0.39463895369246854, "53655112@N00": -0.6567245363360791, "52219226@N04": 0.13179808118533162, "24743802@N07": -0.1310427913218053, "7976350@N07": 1.4460024437210162, "85213049@N00": -0.1310427913218053, "63303870@N00": -0.2624632275753737, "10128633@N07": -0.6567245363360791, "28490141@N03": -0.13104279132180532, "20765888@N04": 0.00037764493176316104, "48735455@N00": -0.13104279132180532, "80719942@N00": 0.6574798261996054, "84097316@N00": 0.39463895369246854, "72421266@N00": 0.00037764493176318484, "31122730@N05": -0.13104279132180532, "32170948@N08": -0.3938836638289422, "12621630@N05": 0.26321851743890007, "85967538@N06": -0.7881449725896476, "36382844@N00": -0.16389790038519741, "65977087@N00": 0.26321851743890007, "44863905@N00": 0.0003776449317631452, "66090527@N08": -0.3938836638289422, "8404611@N06": -0.3938836638289422, "97705886@N00": 0.00037764493176317693, "43029859@N02": -0.2624632275753737, "46212275@N00": -0.9195654088432159, "69072483@N00": 0.13179808118533162, "50394729@N00": 0.00037764493176317693, "70172955@N00": -0.13104279132180527, "9021833@N06": 0.26321851743890007, "37457154@N02": -0.2624632275753737, "37996580043@N01": 0.13179808118533162, "24172628@N08": -0.2624632275753737, "37183694@N00": -0.2624632275753737, "58827557@N06": 0.00037764493176316104, "52756090@N05": -0.5253041000825107, "36002603@N00": 0.39463895369246854, "48763139@N00": 0.526059389946037, "13891036@N07": 0.00037764493176320864, "89495020@N00": -0.2624632275753737, "35989785@N00": -0.2624632275753737, "30940619@N05": 0.526059389946037, "86391067@N00": -0.6567245363360791, "14805648@N00": -0.3938836638289422, "27539972@N07": 0.26321851743890007, "82173624@N00": -0.1310427913218053, "49457106@N00": 0.00037764493176315313, "31932603@N00": 0.6574798261996054, "23028720@N00": 0.26321851743890007, "42941795@N00": 0.0003776449317631452, "50519631@N03": -0.5253041000825106, "7682911@N05": 0.00037764493176320864, "75026831@N00": 0.13179808118533162, "57667389@N02": -0.2624632275753737, "89386169@N00": 0.3946389536924686, "37078731@N06": 0.13179808118533165, "81395338@N00": 0.3946389536924686, "14541918@N06": -0.13104279132180532, "21933992@N00": -0.2624632275753738, "51035702270@N01": -0.7881449725896476, "47327682@N00": -0.13104279132180527, "38501716@N08": 0.13179808118533162, "67478016@N00": -0.2624632275753737, "52146651@N05": 0.39463895369246854, "34087769@N06": -0.6567245363360791, "63474264@N00": 0.6574798261996054, "74233090@N00": 0.26321851743890007, "62961837@N00": 0.00037764493176316104, "67832712@N00": -0.1310427913218053, "86978295@N00": -0.6567245363360791, "76404534@N00": 0.6574798261996054, "24638902@N03": -0.5253041000825106}, "bank_credit": {"59073208@N08": 0.5871630145660717, "35361836@N00": -0.04252182077751237, "18468763@N00": -0.04252182077751238, "70317244@N00": 0.4612260474973549, "8281328@N03": 0.3352890804286381, "74738073@N00": 0.7130999816347885, "34427466510@N01": 0.46122604749735496, "11542509@N00": 0.7130999816347886, "38517504@N00": 0.2093521133599213, "46487806@N08": 0.08341514629120447, "15685876@N00": 0.8390369487035054, "29045663@N04": 0.3352890804286381, "7961121@N04": 0.5871630145660717, "33372350@N07": -0.294395754914946, "26476389@N02": 0.0834151462912045, "64334309@N00": -0.16845878784622917, "64751997@N06": -0.42033272198366284, "94988625@N00": -0.04252182077751238, "84068301@N00": 0.2093521133599213, "22043318@N00": 0.5871630145660717, "83733325@N00": 0.4612260474973549, "23768558@N04": 0.38251544307940694, "95841855@N00": -0.04252182077751237, "51757533@N00": -0.5462696890523798, "77935962@N00": -0.42033272198366284, "7911584@N03": 0.08341514629120449, "28917310@N03": 1.090910882840939, "63717805@N05": 0.3352890804286382, "53655112@N00": -0.6722066561210964, "52219226@N04": 0.2093521133599213, "24743802@N07": -0.042521820777512355, "7976350@N07": 0.7130999816347886, "85213049@N00": -0.42033272198366284, "63303870@N00": -0.04252182077751237, "10128633@N07": -0.7981436231898132, "28490141@N03": -0.16845878784622917, "20765888@N04": 0.2093521133599213, "48735455@N00": -0.6722066561210965, "80719942@N00": 0.5871630145660719, "84097316@N00": -0.16845878784622928, "72421266@N00": -0.294395754914946, "31122730@N05": -0.16845878784622914, "32170948@N08": -0.5462696890523796, "12621630@N05": 0.5871630145660717, "85967538@N06": -0.42033272198366284, "36382844@N00": -0.38884848021648366, "65977087@N00": 0.2093521133599213, "44863905@N00": 0.5871630145660717, "66090527@N08": -0.5462696890523798, "8404611@N06": -0.16845878784622922, "97705886@N00": 0.08341514629120443, "43029859@N02": -0.294395754914946, "46212275@N00": -0.6722066561210965, "69072483@N00": 0.2093521133599213, "50394729@N00": 0.3352890804286382, "70172955@N00": 0.08341514629120447, "9021833@N06": 0.2093521133599213, "37457154@N02": -0.42033272198366295, "37996580043@N01": -0.294395754914946, "24172628@N08": 0.3352890804286381, "37183694@N00": 0.2093521133599213, "58827557@N06": 0.08341514629120443, "52756090@N05": -0.9240805902585302, "36002603@N00": 0.3352890804286382, "48763139@N00": 0.3352890804286382, "13891036@N07": 0.08341514629120447, "89495020@N00": -0.294395754914946, "35989785@N00": -0.29439575491494613, "30940619@N05": 0.5871630145660717, "86391067@N00": -1.3018914914646806, "14805648@N00": -0.42033272198366284, "27539972@N07": 0.08341514629120443, "82173624@N00": -0.042521820777512355, "49457106@N00": -0.0425218207775124, "31932603@N00": -0.04252182077751237, "23028720@N00": 0.46122604749735496, "42941795@N00": 0.08341514629120449, "50519631@N03": -1.050017557327247, "7682911@N05": 0.08341514629120443, "75026831@N00": 0.2093521133599213, "57667389@N02": -0.6722066561210964, "89386169@N00": 0.5871630145660719, "37078731@N06": 0.3352890804286381, "81395338@N00": 0.3352890804286381, "14541918@N06": -0.29439575491494596, "21933992@N00": -0.294395754914946, "51035702270@N01": -0.7981436231898134, "47327682@N00": 0.3352890804286381, "38501716@N08": -0.7981436231898134, "67478016@N00": -0.16845878784622917, "52146651@N05": 0.4612260474973549, "34087769@N06": -0.9240805902585302, "63474264@N00": 1.090910882840939, "74233090@N00": -0.0425218207775124, "62961837@N00": -0.4203327219836629, "67832712@N00": -0.42033272198366284, "86978295@N00": -0.294395754914946, "76404534@N00": 0.5871630145660717, "24638902@N03": -0.16845878784622917}, "job_search_waiter_waitress": {"59073208@N08": 0.22282070365115672, "35361836@N00": 0.4701623459816272, "18468763@N00": 0.09914988248592145, "70317244@N00": -0.2718625810097844, "8281328@N03": -0.519204223340255, "74738073@N00": 0.09914988248592148, "34427466510@N01": 0.47016234598162726, "11542509@N00": 0.5938331671468625, "38517504@N00": -0.27186258100978444, "46487806@N08": -0.024520938679313837, "15685876@N00": -0.024520938679313837, "29045663@N04": 0.5938331671468625, "7961121@N04": 0.22282070365115672, "33372350@N07": 0.8411748094773331, "26476389@N02": -0.3955334021750197,