{"2": {"job_search_IT": {"reg_method": "svm", "corr_type": "kendall_corr", "best_params": {"C": 5, "gamma": 0.001, "kernel": "rbf"}, "train_corr": 0.35965467982307653, "train_mse": 0.19425895126374848, "test_corr": 0.032873336506507006, "test_mse": 0.1882995197861689}, "bank_credit": {"reg_method": "svm", "corr_type": "kendall_corr", "best_params": {"C": 5, "gamma": 0.001, "kernel": "rbf"}, "train_corr": 0.44644838651697805, "train_mse": 0.2573817436622519, "test_corr": 0.3390522241241711, "test_mse": 0.2539558095751619}, "job_search_waiter_waitress": {"reg_method": "svm", "corr_type": "kendall_corr", "best_params": {"C": 5, "gamma": 0.001, "kernel": "rbf"}, "train_corr": 0.4800208617925822, "train_mse": 0.18237164504511993, "test_corr": -0.06672284102777577, "test_mse": 0.25912833347012687}, "accommodation_search": {"reg_method": "svm", "corr_type": "kendall_corr", "best_params": {"C": 5, "gamma": 0.001, "kernel": "rbf"}, "train_corr": 0.44348524693295416, "train_mse": 0.2463861177203973, "test_corr": 0.30858061644360446, "test_mse": 0.23957659493920586}}}